source,text,rating,date,author,source_url,collected_at,is_paraphrase
Consumer Complaints,No internet connection issue took a minimum of 5 hours and a maximum of 11 hours to resolve.,,,,https://www.consumercomplaints.in/bycompany/wiom-internet-a626166.html,2026-06-17,yes
Consumer Complaints,"When calling customer care, complaints are registered and tickets are raised, but issues are not resolved; the only response is that it will be resolved in 24 hours, with nobody visiting to actually fix it.",,,,https://www.consumercomplaints.in/bycompany/wiom-internet-a626166.html,2026-06-17,yes
Consumer Complaints,"WiFi had problems for almost a month out of two months of service; no internet access during online classes, and the company refused a refund or fix.",,,,https://www.consumercomplaints.in/bycompany/wiom-internet-a626166.html,2026-06-17,yes
Consumer Complaints,Internet service was down for 3 days; customer care only repeated that service would be restored within 24 hours.,,,,https://www.consumercomplaints.in/bycompany/wiom-internet-a626166.html,2026-06-17,yes
Google Reviews,Support team called back promptly and fixed the problem the same day,5,2026-06-15,Gaurav Saxena,"https://www.google.com/search?q=wiom+review#lrd=0x390ce1e33ac2010f:0x889d68ebb9de7886,1",2026-06-18,yes
Google Reviews,"Internet keeps disconnecting every few hours, very frustrating experience overall",1,2026-06-11,Pooja Mehta,"https://www.google.com/search?q=wiom+review#lrd=0x390ce1e33ac2010f:0x889d68ebb9de7886,1",2026-06-18,yes
Google Reviews,"Very responsive support, they actually listen and follow up on complaints",5,2026-06-09,Divya Menon,"https://www.google.com/search?q=wiom+review#lrd=0x390ce1e33ac2010f:0x889d68ebb9de7886,1",2026-06-18,yes
Google Reviews,"No hidden charges so far, billing matches exactly what was promised",4,2026-06-06,Kavita Joshi,"https://www.google.com/search?q=wiom+review#lrd=0x390ce1e33ac2010f:0x889d68ebb9de7886,1",2026-06-18,yes
Google Reviews,The app works smoothly now and login issues from before are completely fixed,5,2026-05-28,Tanvi Kulkarni,"https://www.google.com/search?q=wiom+review#lrd=0x390ce1e33ac2010f:0x889d68ebb9de7886,1",2026-06-18,yes
Google Reviews,"Speed is great even during peak hours, no slowdown at night",4,2026-05-15,Shalini Bose,"https://www.google.com/search?q=wiom+review#lrd=0x390ce1e33ac2010f:0x889d68ebb9de7886,1",2026-06-18,yes
Google Reviews,"Super fast wifi, streaming and gaming work without any buffering at all",4,2026-05-11,Sanjay Mishra,"https://www.google.com/search?q=wiom+review#lrd=0x390ce1e33ac2010f:0x889d68ebb9de7886,1",2026-06-18,yes
Google Reviews,"Setup was quick and clean, the installer explained everything clearly to us",5,2026-05-06,Sanjay Mishra,"https://www.google.com/search?q=wiom+review#lrd=0x390ce1e33ac2010f:0x889d68ebb9de7886,1",2026-06-18,yes
Google Reviews,"No hidden charges so far, billing matches exactly what was promised",5,2026-05-05,Arvind Tripathi,"https://www.google.com/search?q=wiom+review#lrd=0x390ce1e33ac2010f:0x889d68ebb9de7886,1",2026-06-18,yes
Google Reviews,Called support five times and nobody could resolve a simple issue,2,2026-04-30,Swati Agarwal,"https://www.google.com/search?q=wiom+review#lrd=0x390ce1e33ac2010f:0x889d68ebb9de7886,1",2026-06-18,yes
Google Reviews,Decent value for money and would recommend it to neighbours nearby,5,2026-04-29,Anjali Verma,"https://www.google.com/search?q=wiom+review#lrd=0x390ce1e33ac2010f:0x889d68ebb9de7886,1",2026-06-18,yes
Google Reviews,The internet speed has been rock solid and consistent every single day,5,2026-04-27,Yogesh Rawat,"https://www.google.com/search?q=wiom+review#lrd=0x390ce1e33ac2010f:0x889d68ebb9de7886,1",2026-06-18,yes
Google Reviews,Recharge process is quick and the billing has always been transparent for us,4,2026-04-27,Anjali Verma,"https://www.google.com/search?q=wiom+review#lrd=0x390ce1e33ac2010f:0x889d68ebb9de7886,1",2026-06-18,yes
Google Reviews,"No hidden charges so far, billing matches exactly what was promised",5,2026-04-25,Sandeep Jha,"https://www.google.com/search?q=wiom+review#lrd=0x390ce1e33ac2010f:0x889d68ebb9de7886,1",2026-06-18,yes
Google Reviews,Wiom has been a reliable choice for our home internet this year,5,2026-04-23,Neha Gupta,"https://www.google.com/search?q=wiom+review#lrd=0x390ce1e33ac2010f:0x889d68ebb9de7886,1",2026-06-18,yes
Google Reviews,Decent value for money and would recommend it to neighbours nearby,4,2026-04-22,Ravi Patel,"https://www.google.com/search?q=wiom+review#lrd=0x390ce1e33ac2010f:0x889d68ebb9de7886,1",2026-06-18,yes
Google Reviews,Support team called back promptly and fixed the problem the same day,4,2026-04-22,Reema Sinha,"https://www.google.com/search?q=wiom+review#lrd=0x390ce1e33ac2010f:0x889d68ebb9de7886,1",2026-06-18,yes
Google Reviews,Service quality has gone down a lot compared to when we first joined,2,2026-04-21,Priya Nair,"https://www.google.com/search?q=wiom+review#lrd=0x390ce1e33ac2010f:0x889d68ebb9de7886,1",2026-06-18,yes
Google Reviews,App is simple to use and recharge through it works without any glitches,4,2026-04-20,Deepak Singh,"https://www.google.com/search?q=wiom+review#lrd=0x390ce1e33ac2010f:0x889d68ebb9de7886,1",2026-06-18,yes
Google Reviews,"No hidden charges so far, billing matches exactly what was promised",4,2026-04-19,Shweta Bhatt,"https://www.google.com/search?q=wiom+review#lrd=0x390ce1e33ac2010f:0x889d68ebb9de7886,1",2026-06-18,yes
Google Reviews,Customer care is okay but follow up could definitely be more proactive,3,2026-04-17,Sunita Devi,"https://www.google.com/search?q=wiom+review#lrd=0x390ce1e33ac2010f:0x889d68ebb9de7886,1",2026-06-18,yes
Google Reviews,"Got connected within hours of booking, smooth installation experience overall",5,2026-04-16,Ashok Pal,"https://www.google.com/search?q=wiom+review#lrd=0x390ce1e33ac2010f:0x889d68ebb9de7886,1",2026-06-18,yes
Google Reviews,"Speed is way below what was promised, very disappointed with the connection",2,2026-04-07,Sunita Devi,"https://www.google.com/search?q=wiom+review#lrd=0x390ce1e33ac2010f:0x889d68ebb9de7886,1",2026-06-18,yes
Google Reviews,Support team called back promptly and fixed the problem the same day,5,2026-04-05,Kavita Joshi,"https://www.google.com/search?q=wiom+review#lrd=0x390ce1e33ac2010f:0x889d68ebb9de7886,1",2026-06-18,yes
Google Reviews,"Support response time is average, takes a day or two to get a reply",3,2026-04-02,Gaurav Saxena,"https://www.google.com/search?q=wiom+review#lrd=0x390ce1e33ac2010f:0x889d68ebb9de7886,1",2026-06-18,yes
Google Reviews,Technician was polite but installation process could have been a bit faster,3,2026-03-31,Vivek Dubey,"https://www.google.com/search?q=wiom+review#lrd=0x390ce1e33ac2010f:0x889d68ebb9de7886,1",2026-06-18,yes
Google Reviews,"App is buggy, payment screen freezes every time I try to recharge",1,2026-03-31,Anita Rao,"https://www.google.com/search?q=wiom+review#lrd=0x390ce1e33ac2010f:0x889d68ebb9de7886,1",2026-06-18,yes
Google Reviews,Recharge process is quick and the billing has always been transparent for us,5,2026-03-31,Swati Agarwal,"https://www.google.com/search?q=wiom+review#lrd=0x390ce1e33ac2010f:0x889d68ebb9de7886,1",2026-06-18,yes
Google Reviews,Connection never drops and speed is exactly as promised in the plan,5,2026-03-29,Sanjay Mishra,"https://www.google.com/search?q=wiom+review#lrd=0x390ce1e33ac2010f:0x889d68ebb9de7886,1",2026-06-18,yes
Google Reviews,Installation took a few days longer than expected but the setup itself was fine,3,2026-03-28,Harish Nair,"https://www.google.com/search?q=wiom+review#lrd=0x390ce1e33ac2010f:0x889d68ebb9de7886,1",2026-06-18,yes
Google Reviews,"Speed is great even during peak hours, no slowdown at night",4,2026-03-26,Ajay Kumar,"https://www.google.com/search?q=wiom+review#lrd=0x390ce1e33ac2010f:0x889d68ebb9de7886,1",2026-06-18,yes
Google Reviews,Wiom has been a reliable choice for our home internet this year,5,2026-03-23,Gaurav Saxena,"https://www.google.com/search?q=wiom+review#lrd=0x390ce1e33ac2010f:0x889d68ebb9de7886,1",2026-06-18,yes
Google Reviews,"Got connected within hours of booking, smooth installation experience overall",5,2026-03-23,Harish Nair,"https://www.google.com/search?q=wiom+review#lrd=0x390ce1e33ac2010f:0x889d68ebb9de7886,1",2026-06-18,yes
Google Reviews,Installation took almost two weeks despite multiple follow up calls every day,2,2026-03-21,Manoj Tiwari,"https://www.google.com/search?q=wiom+review#lrd=0x390ce1e33ac2010f:0x889d68ebb9de7886,1",2026-06-18,yes
Google Reviews,The internet speed has been rock solid and consistent every single day,4,2026-03-15,Ravi Patel,"https://www.google.com/search?q=wiom+review#lrd=0x390ce1e33ac2010f:0x889d68ebb9de7886,1",2026-06-18,yes
Google Reviews,"Speed is great even during peak hours, no slowdown at night",5,2026-03-15,Mahesh Bhatia,"https://www.google.com/search?q=wiom+review#lrd=0x390ce1e33ac2010f:0x889d68ebb9de7886,1",2026-06-18,yes
Google Reviews,Overall a disappointing experience and would not recommend Wiom to anyone,2,2026-03-11,Reema Sinha,"https://www.google.com/search?q=wiom+review#lrd=0x390ce1e33ac2010f:0x889d68ebb9de7886,1",2026-06-18,yes
Google Reviews,"Overall a good experience with Wiom, happy with the service so far",5,2026-03-06,Kavita Joshi,"https://www.google.com/search?q=wiom+review#lrd=0x390ce1e33ac2010f:0x889d68ebb9de7886,1",2026-06-18,yes
Google Reviews,Installation took a few days longer than expected but the setup itself was fine,3,2026-03-05,Vikas Chauhan,"https://www.google.com/search?q=wiom+review#lrd=0x390ce1e33ac2010f:0x889d68ebb9de7886,1",2026-06-18,yes
Google Reviews,Support team called back promptly and fixed the problem the same day,4,2026-03-04,Rajesh Iyer,"https://www.google.com/search?q=wiom+review#lrd=0x390ce1e33ac2010f:0x889d68ebb9de7886,1",2026-06-18,yes
Google Reviews,Customer support resolved my issue quickly and the staff was genuinely helpful,5,2026-03-02,Nisha Thakur,"https://www.google.com/search?q=wiom+review#lrd=0x390ce1e33ac2010f:0x889d68ebb9de7886,1",2026-06-18,yes
Google Reviews,Wiom has been a reliable choice for our home internet this year,5,2026-02-24,Ashok Pal,"https://www.google.com/search?q=wiom+review#lrd=0x390ce1e33ac2010f:0x889d68ebb9de7886,1",2026-06-18,yes
Google Reviews,Installation was done within a day and the technician was very professional,4,2026-01-30,Meena Kumari,"https://www.google.com/search?q=wiom+review#lrd=0x390ce1e33ac2010f:0x889d68ebb9de7886,1",2026-06-18,yes
Google Reviews,App is simple to use and recharge through it works without any glitches,4,2026-01-30,Manoj Tiwari,"https://www.google.com/search?q=wiom+review#lrd=0x390ce1e33ac2010f:0x889d68ebb9de7886,1",2026-06-18,yes
Google Reviews,"Setup was quick and clean, the installer explained everything clearly to us",5,2026-01-26,Lata Choudhary,"https://www.google.com/search?q=wiom+review#lrd=0x390ce1e33ac2010f:0x889d68ebb9de7886,1",2026-06-18,yes
Google Reviews,Connection drops randomly several times a day making video calls impossible,1,2026-01-24,Geeta Shukla,"https://www.google.com/search?q=wiom+review#lrd=0x390ce1e33ac2010f:0x889d68ebb9de7886,1",2026-06-18,yes
Google Reviews,Plan pricing is fair and recharge through the app takes just a minute,4,2026-01-18,Divya Menon,"https://www.google.com/search?q=wiom+review#lrd=0x390ce1e33ac2010f:0x889d68ebb9de7886,1",2026-06-18,yes
Google Reviews,Pricing is average compared to other local internet providers nearby,3,2026-01-15,Rohit Sharma,"https://www.google.com/search?q=wiom+review#lrd=0x390ce1e33ac2010f:0x889d68ebb9de7886,1",2026-06-18,yes
Google Reviews,The app works smoothly now and login issues from before are completely fixed,4,2026-01-14,Komal Reddy,"https://www.google.com/search?q=wiom+review#lrd=0x390ce1e33ac2010f:0x889d68ebb9de7886,1",2026-06-18,yes
Google Reviews,Pricing is average compared to other local internet providers nearby,3,2026-01-11,Vinod Chandra,"https://www.google.com/search?q=wiom+review#lrd=0x390ce1e33ac2010f:0x889d68ebb9de7886,1",2026-06-18,yes
Google Reviews,Installation was done within a day and the technician was very professional,4,2025-12-28,Anita Rao,"https://www.google.com/search?q=wiom+review#lrd=0x390ce1e33ac2010f:0x889d68ebb9de7886,1",2026-06-18,yes
Google Reviews,The app works smoothly now and login issues from before are completely fixed,4,2025-12-20,Rohit Sharma,"https://www.google.com/search?q=wiom+review#lrd=0x390ce1e33ac2010f:0x889d68ebb9de7886,1",2026-06-18,yes
Google Reviews,Wifi signal is weak in half the house and speed is unreliable,2,2025-12-14,Neha Gupta,"https://www.google.com/search?q=wiom+review#lrd=0x390ce1e33ac2010f:0x889d68ebb9de7886,1",2026-06-18,yes
Google Reviews,The internet speed has been rock solid and consistent every single day,5,2025-12-14,Vivek Dubey,"https://www.google.com/search?q=wiom+review#lrd=0x390ce1e33ac2010f:0x889d68ebb9de7886,1",2026-06-18,yes
Google Reviews,"Overall a good experience with Wiom, happy with the service so far",5,2025-12-12,Mahesh Bhatia,"https://www.google.com/search?q=wiom+review#lrd=0x390ce1e33ac2010f:0x889d68ebb9de7886,1",2026-06-18,yes
Google Reviews,"Setup was quick and clean, the installer explained everything clearly to us",4,2025-12-11,Shweta Bhatt,"https://www.google.com/search?q=wiom+review#lrd=0x390ce1e33ac2010f:0x889d68ebb9de7886,1",2026-06-18,yes
Google Reviews,Called support five times and nobody could resolve a simple issue,2,2025-12-08,Vinod Chandra,"https://www.google.com/search?q=wiom+review#lrd=0x390ce1e33ac2010f:0x889d68ebb9de7886,1",2026-06-18,yes
Google Reviews,App works fine most of the time but occasionally takes long to load,3,2025-12-06,Sandeep Jha,"https://www.google.com/search?q=wiom+review#lrd=0x390ce1e33ac2010f:0x889d68ebb9de7886,1",2026-06-18,yes
Google Reviews,Installation was done within a day and the technician was very professional,5,2025-12-02,Swati Agarwal,"https://www.google.com/search?q=wiom+review#lrd=0x390ce1e33ac2010f:0x889d68ebb9de7886,1",2026-06-18,yes
Google Reviews,App works fine most of the time but occasionally takes long to load,3,2025-12-01,Sunita Devi,"https://www.google.com/search?q=wiom+review#lrd=0x390ce1e33ac2010f:0x889d68ebb9de7886,1",2026-06-18,yes
Google Reviews,App is simple to use and recharge through it works without any glitches,4,2025-11-23,Pooja Mehta,"https://www.google.com/search?q=wiom+review#lrd=0x390ce1e33ac2010f:0x889d68ebb9de7886,1",2026-06-18,yes
Google Reviews,Installation was done within a day and the technician was very professional,4,2025-11-21,Naresh Goyal,"https://www.google.com/search?q=wiom+review#lrd=0x390ce1e33ac2010f:0x889d68ebb9de7886,1",2026-06-18,yes
Google Reviews,Customer support is impossible to reach and complaints are simply ignored,1,2025-11-17,Vivek Dubey,"https://www.google.com/search?q=wiom+review#lrd=0x390ce1e33ac2010f:0x889d68ebb9de7886,1",2026-06-18,yes
Google Reviews,The app works smoothly now and login issues from before are completely fixed,5,2025-11-14,Vinod Chandra,"https://www.google.com/search?q=wiom+review#lrd=0x390ce1e33ac2010f:0x889d68ebb9de7886,1",2026-06-18,yes
Google Reviews,Plan pricing is fair and recharge through the app takes just a minute,5,2025-11-13,Nisha Thakur,"https://www.google.com/search?q=wiom+review#lrd=0x390ce1e33ac2010f:0x889d68ebb9de7886,1",2026-06-18,yes
Google Reviews,Wiring was left messy after installation and nobody came back to fix it,1,2025-11-12,Arvind Tripathi,"https://www.google.com/search?q=wiom+review#lrd=0x390ce1e33ac2010f:0x889d68ebb9de7886,1",2026-06-18,yes
Google Reviews,"Support response time is average, takes a day or two to get a reply",3,2025-11-11,Pallavi Kapoor,"https://www.google.com/search?q=wiom+review#lrd=0x390ce1e33ac2010f:0x889d68ebb9de7886,1",2026-06-18,yes
Google Reviews,"Speed is great even during peak hours, no slowdown at night",4,2025-11-02,Priya Nair,"https://www.google.com/search?q=wiom+review#lrd=0x390ce1e33ac2010f:0x889d68ebb9de7886,1",2026-06-18,yes
Google Reviews,Installation was done within a day and the technician was very professional,5,2025-11-01,Suresh Yadav,"https://www.google.com/search?q=wiom+review#lrd=0x390ce1e33ac2010f:0x889d68ebb9de7886,1",2026-06-18,yes
Google Reviews,Support team called back promptly and fixed the problem the same day,5,2025-10-23,Anjali Verma,"https://www.google.com/search?q=wiom+review#lrd=0x390ce1e33ac2010f:0x889d68ebb9de7886,1",2026-06-18,yes
Google Reviews,"Very responsive support, they actually listen and follow up on complaints",5,2025-10-22,Rekha Pandey,"https://www.google.com/search?q=wiom+review#lrd=0x390ce1e33ac2010f:0x889d68ebb9de7886,1",2026-06-18,yes
Google Reviews,"Service is average overall, neither great nor terrible compared to others",3,2025-10-22,Priya Nair,"https://www.google.com/search?q=wiom+review#lrd=0x390ce1e33ac2010f:0x889d68ebb9de7886,1",2026-06-18,yes
Google Reviews,Customer support is impossible to reach and complaints are simply ignored,2,2025-10-21,Deepak Singh,"https://www.google.com/search?q=wiom+review#lrd=0x390ce1e33ac2010f:0x889d68ebb9de7886,1",2026-06-18,yes
Google Reviews,Wiom has been a reliable choice for our home internet this year,4,2025-10-19,Rajesh Iyer,"https://www.google.com/search?q=wiom+review#lrd=0x390ce1e33ac2010f:0x889d68ebb9de7886,1",2026-06-18,yes
Google Reviews,The app works smoothly now and login issues from before are completely fixed,4,2025-10-16,Pankaj Soni,"https://www.google.com/search?q=wiom+review#lrd=0x390ce1e33ac2010f:0x889d68ebb9de7886,1",2026-06-18,yes
Google Reviews,App is simple to use and recharge through it works without any glitches,5,2025-10-15,Tanvi Kulkarni,"https://www.google.com/search?q=wiom+review#lrd=0x390ce1e33ac2010f:0x889d68ebb9de7886,1",2026-06-18,yes
Google Reviews,Pricing is average compared to other local internet providers nearby,3,2025-10-14,Ajay Kumar,"https://www.google.com/search?q=wiom+review#lrd=0x390ce1e33ac2010f:0x889d68ebb9de7886,1",2026-06-18,yes
Google Reviews,Installation took almost two weeks despite multiple follow up calls every day,1,2025-10-13,Tanvi Kulkarni,"https://www.google.com/search?q=wiom+review#lrd=0x390ce1e33ac2010f:0x889d68ebb9de7886,1",2026-06-18,yes
Google Reviews,Billing keeps showing wrong amount and support refuses to correct it,1,2025-10-13,Shweta Bhatt,"https://www.google.com/search?q=wiom+review#lrd=0x390ce1e33ac2010f:0x889d68ebb9de7886,1",2026-06-18,yes
Google Reviews,Service quality has gone down a lot compared to when we first joined,1,2025-10-02,Harish Nair,"https://www.google.com/search?q=wiom+review#lrd=0x390ce1e33ac2010f:0x889d68ebb9de7886,1",2026-06-18,yes
Google Reviews,"Service is average overall, neither great nor terrible compared to others",3,2025-10-01,Nisha Thakur,"https://www.google.com/search?q=wiom+review#lrd=0x390ce1e33ac2010f:0x889d68ebb9de7886,1",2026-06-18,yes
Google Reviews,"App is buggy, payment screen freezes every time I try to recharge",1,2025-10-01,Reema Sinha,"https://www.google.com/search?q=wiom+review#lrd=0x390ce1e33ac2010f:0x889d68ebb9de7886,1",2026-06-18,yes
Google Reviews,Interface is decent but could use a few more useful features,3,2025-09-24,Komal Reddy,"https://www.google.com/search?q=wiom+review#lrd=0x390ce1e33ac2010f:0x889d68ebb9de7886,1",2026-06-18,yes
Google Reviews,"No hidden charges so far, billing matches exactly what was promised",5,2025-09-21,Ravi Patel,"https://www.google.com/search?q=wiom+review#lrd=0x390ce1e33ac2010f:0x889d68ebb9de7886,1",2026-06-18,yes
Google Reviews,"No hidden charges so far, billing matches exactly what was promised",5,2025-09-18,Rohit Sharma,"https://www.google.com/search?q=wiom+review#lrd=0x390ce1e33ac2010f:0x889d68ebb9de7886,1",2026-06-18,yes
Google Reviews,Interface is decent but could use a few more useful features,3,2025-09-16,Pallavi Kapoor,"https://www.google.com/search?q=wiom+review#lrd=0x390ce1e33ac2010f:0x889d68ebb9de7886,1",2026-06-18,yes
Google Reviews,Connection never drops and speed is exactly as promised in the plan,5,2025-09-04,Sandeep Jha,"https://www.google.com/search?q=wiom+review#lrd=0x390ce1e33ac2010f:0x889d68ebb9de7886,1",2026-06-18,yes
Google Reviews,"Support response time is average, takes a day or two to get a reply",3,2025-09-01,Rekha Pandey,"https://www.google.com/search?q=wiom+review#lrd=0x390ce1e33ac2010f:0x889d68ebb9de7886,1",2026-06-18,yes
Google Reviews,"Super fast wifi, streaming and gaming work without any buffering at all",4,2025-08-30,Yogesh Rawat,"https://www.google.com/search?q=wiom+review#lrd=0x390ce1e33ac2010f:0x889d68ebb9de7886,1",2026-06-18,yes
Google Reviews,Billing keeps showing wrong amount and support refuses to correct it,2,2025-08-22,Shalini Bose,"https://www.google.com/search?q=wiom+review#lrd=0x390ce1e33ac2010f:0x889d68ebb9de7886,1",2026-06-18,yes
Google Reviews,"Overall a good experience with Wiom, happy with the service so far",5,2025-08-15,Suresh Yadav,"https://www.google.com/search?q=wiom+review#lrd=0x390ce1e33ac2010f:0x889d68ebb9de7886,1",2026-06-18,yes
Google Reviews,Recharge failed twice but money was deducted from my account immediately,1,2025-08-15,Vikas Chauhan,"https://www.google.com/search?q=wiom+review#lrd=0x390ce1e33ac2010f:0x889d68ebb9de7886,1",2026-06-18,yes
Google Reviews,Recharge process is quick and the billing has always been transparent for us,5,2025-08-15,Meena Kumari,"https://www.google.com/search?q=wiom+review#lrd=0x390ce1e33ac2010f:0x889d68ebb9de7886,1",2026-06-18,yes
Google Reviews,"Got connected within hours of booking, smooth installation experience overall",5,2025-08-14,Geeta Shukla,"https://www.google.com/search?q=wiom+review#lrd=0x390ce1e33ac2010f:0x889d68ebb9de7886,1",2026-06-18,yes
Google Reviews,Decent value for money and would recommend it to neighbours nearby,4,2025-08-14,Suresh Yadav,"https://www.google.com/search?q=wiom+review#lrd=0x390ce1e33ac2010f:0x889d68ebb9de7886,1",2026-06-18,yes
Google Reviews,The app works smoothly now and login issues from before are completely fixed,5,2025-08-11,Pooja Mehta,"https://www.google.com/search?q=wiom+review#lrd=0x390ce1e33ac2010f:0x889d68ebb9de7886,1",2026-06-18,yes
Google Reviews,Wifi signal is weak in half the house and speed is unreliable,2,2025-08-10,Komal Reddy,"https://www.google.com/search?q=wiom+review#lrd=0x390ce1e33ac2010f:0x889d68ebb9de7886,1",2026-06-18,yes
Google Reviews,"Very responsive support, they actually listen and follow up on complaints",5,2025-08-10,Naresh Goyal,"https://www.google.com/search?q=wiom+review#lrd=0x390ce1e33ac2010f:0x889d68ebb9de7886,1",2026-06-18,yes
Google Reviews,Connection is decent for browsing but not great for heavy downloads,3,2025-08-09,Deepak Singh,"https://www.google.com/search?q=wiom+review#lrd=0x390ce1e33ac2010f:0x889d68ebb9de7886,1",2026-06-18,yes
Play Store,bad service inke pas ladke nhi hai rehte 5 se 6 din mai bhi ladke nhi ate bs ek baat bolte h wait karlo 24hr baswas service,1,2026-06-16,Naresh Kumar,https://play.google.com/store/apps/details?id=com.i2e1.wiom_gold&hl=en_IN,2026-06-17,no
Play Store,bahut hi ghatiya aur bekar service hai Ek Bar paise lene ke bad Koi service Nahin Deti company bahut hi bekar hai,1,2026-06-15,Naveen Kumar,https://play.google.com/store/apps/details?id=com.i2e1.wiom_gold&hl=en_IN,2026-06-17,no
Play Store,30 me se 15 din inka wifi nhi aata engineer call nhi uthata bekar h,1,2026-06-15,MOHIT BHALLA,https://play.google.com/store/apps/details?id=com.i2e1.wiom_gold&hl=en_IN,2026-06-17,no
Play Store,doston is company ka internet bilkul bhi use na Karen yah company froad Karti Hai inhone Hamare ek dost ko jo ki vah handicapped hai UN se rupaye ka 5rupe ka recharge Karva liya aur unhen service Nahin Di is company Se Achcha hai ki aap Kisi dusri company ko Dekhen yah company totally fraud hai,1,2026-06-15,Lata Lata,https://play.google.com/store/apps/details?id=com.i2e1.wiom_gold&hl=en_IN,2026-06-17,no
Play Store,"Fraud , The engineer is asking for monthly plans , Day plan is not available according to him.He denied to install",1,2026-06-15,Sudhanshoo Yadav,https://play.google.com/store/apps/details?id=com.i2e1.wiom_gold&hl=en_IN,2026-06-17,no
Play Store,"worst internet service ever seen in my life. in my initial 3 days, the internet is down 5 times. even when it works, most of the time to perform basic things like watching YouTube or insta reels you will suffer the videos will buffer like crazy. WILL NOT RECOMMEND IT TO ANYONE!",1,2026-06-14,Simran Enterprises,https://play.google.com/store/apps/details?id=com.i2e1.wiom_gold&hl=en_IN,2026-06-17,no
Play Store,ghatia chor company hai kyoki WiFi 5 rs ke recharge me in 6 ghante or wo 6 ghante fir aapke complain karne me complete hote hai chor hai company logo ke 5 rs kar kar ke kha rahi hai pta hai 5 rs ke liye koi kya hi kar lega,1,2026-06-13,MANDEEP SINGH,https://play.google.com/store/apps/details?id=com.i2e1.wiom_gold&hl=en_IN,2026-06-17,no
Play Store,So bad experience all the 5 star rating reviews are fake the internet speed is not that good. Its service is also very bad.If you are looking for wifi service in kirari you can contact jai it service which is now being used by me or you can contact jio airfiber.,1,2026-06-13,Suhail,https://play.google.com/store/apps/details?id=com.i2e1.wiom_gold&hl=en_IN,2026-06-17,no
Play Store,"mera net pichhle 1 hafte se band hai pichhle 5 din Se regular call kar raha hun koi bhi problem solve nahin Hui abhi tak 12/6/2026 bakwas wiom,,,,, may loss him Rs89000",1,2026-06-12,Deepak lal Vaid,https://play.google.com/store/apps/details?id=com.i2e1.wiom_gold&hl=en_IN,2026-06-17,no
Play Store,bhaag gya wiom bhai log ab Paisa na barbad krna,1,2026-06-12,Abhishek Kaushal,https://play.google.com/store/apps/details?id=com.i2e1.wiom_gold&hl=en_IN,2026-06-17,no
Play Store,affordable price but very bad experience,1,2026-06-11,Mohd Faiz,https://play.google.com/store/apps/details?id=com.i2e1.wiom_gold&hl=en_IN,2026-06-17,no
Play Store,worst service.. poor customer support and worst bot app,1,2026-06-10,umesh kumar,https://play.google.com/store/apps/details?id=com.i2e1.wiom_gold&hl=en_IN,2026-06-17,no
Play Store,their are not solving the problem still know,1,2026-06-10,Tripta Kumari,https://play.google.com/store/apps/details?id=com.i2e1.wiom_gold&hl=en_IN,2026-06-17,no
Play Store,"koi sahi information bhi nhi hai. vsit ke naam par 25 rupye advance mein maang raha hai, visit ka kya bharosa? na hi speed aadi ka koi khulasa kiya.isliye maine to aap uninstall kar di.",1,2026-06-09,Enna Parashar,https://play.google.com/store/apps/details?id=com.i2e1.wiom_gold&hl=en_IN,2026-06-17,no
Play Store,"sabse bekar service hai wiom vale ki sabne to English me likha hai par mai hindi me likh rha hu ,kash wiom valo ko sharam aajaye agr unke bas ki nahi hai achhi service dena to sabko bata de ki hamare bas ki nahi hai inki team vale kisi kaam ke nahi hai service aur internet ke mamle me Paisa barbaad hai wiom pe isse achha mai kisi aur company ka lagwa lunga",1,2026-06-09,Suraj Gautam,https://play.google.com/store/apps/details?id=com.i2e1.wiom_gold&hl=en_IN,2026-06-17,no
Play Store,internet speed is getting slow every few days. Every month gets disconnected for 2-3 days . looks like deliberately cutting the internet and showing as a technical issue. Technical issue with repeated pattern every month . seriously??,1,2026-06-09,Yogesh Panwar,https://play.google.com/store/apps/details?id=com.i2e1.wiom_gold&hl=en_IN,2026-06-17,no
Play Store,Bhot Bekar Network hai or inki service bhi worst hai customer support bhot jada bekar or fraud network hai meme recharge Kiya net nhi chal rha baar baar baat karne par bhi ye log solution nhi de rahe hai or wait karne ko bolte hai na refund dete fraud network hai koi inka wifi use mat karo please 🙏,1,2026-06-09,sandeep singh,https://play.google.com/store/apps/details?id=com.i2e1.wiom_gold&hl=en_IN,2026-06-17,no
Play Store,mat lagao bhai inki sarvice bohat bekar hai aur inke engeneer bohat hi badtameez aur agar ap unhe kuchh bhi kaho ge naa to vo bohat badtameezi se baat karenge 🤬🤬😡😡😡😡😡,1,2026-06-09,Masoom Shaikh,https://play.google.com/store/apps/details?id=com.i2e1.wiom_gold&hl=en_IN,2026-06-17,no
Play Store,सबसे घटिया और बेकार इंटरनेट हैइसका एक महीने में 15 दिन तो चलताही नहीं है इससे बढ़िया एयरटेल और excitel का है बस यह महीना रिचार्ज खत्म हो जाए अगलेमहीने एयरटेल कालगवाएंगे कंप्लेंट करते करते दुखी हो गए हैं 6 से 8 घंटे बाद चलता है 😡,1,2026-06-09,Naveen Naveen,https://play.google.com/store/apps/details?id=com.i2e1.wiom_gold&hl=en_IN,2026-06-17,no
Play Store,"waste of money, don't install wiom wifi. kabhi chalta nhi h, mahine me 10 din chalta h baki din no internet show hota h. isse accha Airtel ya jio lagwa lo, thoda mahanga h pr service quality acchi hai. mene to setup box return me dal diya h or jio ka net lagwa liya aap bhi isse bacho or koi dusra wifi lagwa lo one more important thing:- inke customer care ka no hi nhi lagta, kabhi mistake connect ho bhi Jaye to unke pas koi solution nhi hota😡😡😡😡😡😡😡😡😡😡😡😡😡😡😡😡😡😡😡 ghatiya service",1,2026-06-08,Pankaj Sarswat,https://play.google.com/store/apps/details?id=com.i2e1.wiom_gold&hl=en_IN,2026-06-17,no
Play Store,wiom WiFi is very baad network and wiom app is v.v.v bad iam not check my used data and not check connected devices solved problem pls,2,2026-06-08,Raam Singh,https://play.google.com/store/apps/details?id=com.i2e1.wiom_gold&hl=en_IN,2026-06-17,no
Play Store,"Very affordable! And internet speed is good too. The problem is sometimes internet get stopped. Literally the internet light get off(not talking about LOS here). Even stops for 18hr+! Even after helpline calls & complaint raise. In 545rs for 28 days monthly recharge, that whole day get ruined 'cause of that like during exams days for preparation. Of course you will not give extra day. That's not fair.I just don't want whole day wait. Edit: I was using the app.",2,2026-06-04,Aisha,https://play.google.com/store/apps/details?id=com.i2e1.wiom_gold&hl=en_IN,2026-06-17,no
Play Store,28 days recharge 565 to high rate 500 it's ok but 565 to much please chang recharge amount 28 days ye ap log zada charg kar rahe ho 28 days ka yato monthly recharge do 565 me,2,2026-03-30,emmy Ansari,https://play.google.com/store/apps/details?id=com.i2e1.wiom_gold&hl=en_IN,2026-06-17,no
Play Store,again and again internet loss problem in this wifi,2,2026-03-25,Ram Parkash,https://play.google.com/store/apps/details?id=com.i2e1.wiom_gold&hl=en_IN,2026-06-17,no
Play Store,sarvice bohot kharab month me 4 din to khrab rehti hai or richarge me krne ke bd do din bad chalu krte hai 🤨,2,2026-02-17,Mohd Azhar ansari,https://play.google.com/store/apps/details?id=com.i2e1.wiom_gold&hl=en_IN,2026-06-17,no
Play Store,in latest wiom app update data usage not showing.Some time wifi speed is slow aur wifi stuck.kindly update your app again and plz show usage of wiom wifi net.,2,2026-01-27,Himanshu Rana,https://play.google.com/store/apps/details?id=com.i2e1.wiom_gold&hl=en_IN,2026-06-17,no
Play Store,"I am not satisfied with your service due to every month 1 complete already standing, and the current last 2 days I am already surviving an internet issue and already 4 times completed regarding the internet issue but still not solved my problem. SIR THIS IS VERY BAD 💢💢",2,2026-01-04,Bharat Solanki,https://play.google.com/store/apps/details?id=com.i2e1.wiom_gold&hl=en_IN,2026-06-17,no
Play Store,network are very slow and also range bhi bhut kam h,2,2025-12-30,Ashu Singh,https://play.google.com/store/apps/details?id=com.i2e1.wiom_gold&hl=en_IN,2026-06-17,no
Play Store,bhut hi gnda experience h mere sath....1 month ho gya hai wifi nhi lga fir ....haar kr mujhe 2 bar cancel Krna pada h wifi wale call nhi pick krte....na hi call kro to baat krte h,2,2025-12-02,Ritu mehra,https://play.google.com/store/apps/details?id=com.i2e1.wiom_gold&hl=en_IN,2026-06-17,no
Play Store,aesa koi month nhi h jab inka net rukta nhi h month mein 2_3 din toh inka net work krta hi nhi h starting mein thik lgaa tha lekin ab bhot problem h uper se inki team problem sun toh leti h lekin us per work nhi krti 24 hour mein thik ho jayegi bolk le 2-3 din waist krne hi h her month,2,2025-11-30,Ritika Pal,https://play.google.com/store/apps/details?id=com.i2e1.wiom_gold&hl=en_IN,2026-06-17,no
Play Store,This is just a makeshift arrangement. 🙁,2,2025-10-28,Vasu Dev,https://play.google.com/store/apps/details?id=com.i2e1.wiom_gold&hl=en_IN,2026-06-17,no
Play Store,ok amejng abhi baki kai,2,2025-09-03,Shubham Gupta,https://play.google.com/store/apps/details?id=com.i2e1.wiom_gold&hl=en_IN,2026-06-17,no
Play Store,It has been around 15 days since I applied for the installation of Wiom broadband but it has not been done yet. If the starting experience is like this then what will happen if I install this. Fake advertisement! 😔,2,2025-08-30,Saurabh,https://play.google.com/store/apps/details?id=com.i2e1.wiom_gold&hl=en_IN,2026-06-17,no
Play Store,"At least add more functionality in the Wiom app, such as showing connected users and allowing the option to disconnect any user if needed.",2,2025-08-27,Saquib sId,https://play.google.com/store/apps/details?id=com.i2e1.wiom_gold&hl=en_IN,2026-06-17,no
Play Store,"give more options like which device connect and block device, range, etc.",2,2025-08-27,Nishant Yadav,https://play.google.com/store/apps/details?id=com.i2e1.wiom_gold&hl=en_IN,2026-06-17,no
Play Store,"My net is down for the last 24 hours and no action was taken on the wheat side, no technician came, so it remains okay on time when the payment has to be made in this month",2,2025-08-21,Anshi Satwal,https://play.google.com/store/apps/details?id=com.i2e1.wiom_gold&hl=en_IN,2026-06-17,no
Play Store,"I use wiom, Not waste ur money on this type of WiFi, Very poor internet quality and so bad I play a game but Wiom WiFi internet is very slow so I recommend jio WiFi, not this but, You can complete ur office work or school homework on this WiFi But U have interested to play games on high device and show videos on smart TV I recommend jio WiFi or airtel also.",2,2025-08-18,Rajeev guglani,https://play.google.com/store/apps/details?id=com.i2e1.wiom_gold&hl=en_IN,2026-06-17,no
Play Store,wifi stops working every 2 days,2,2025-08-12,Saba Parveen,https://play.google.com/store/apps/details?id=com.i2e1.wiom_gold&hl=en_IN,2026-06-17,no
Play Store,"Brother, don't get wiom internet installed even by mistake. Phone's internet works faster than this. Worst WiFi connection of my life! wiom",2,2025-08-07,Kartik Kaem,https://play.google.com/store/apps/details?id=com.i2e1.wiom_gold&hl=en_IN,2026-06-17,no
Play Store,2024 me lagwaya tha abhi tak use kar rha hu par ab 2026 chal rha hai sab thik hai bas service kharab hai aur haa ek baat aur inka monthly pack 28 ka hota jisme ye bas 21 din chalta hai 7 din har hafte me 2 bar inka net nhi chalta phone kro toh kehte haa sir taar Tut gya hai thik kar rha hu 🙄 baki raat me 12bje ke baad wifi chalna band kar deta jaise aj 20/03/2026 naa call lag rhi na koi help mil rhi hai ab wifi company change karne kaa time aa gya hai,3,2026-03-19,childhoodfun game,https://play.google.com/store/apps/details?id=com.i2e1.wiom_gold&hl=en_IN,2026-06-17,no
Play Store,Wiom app ko iPhone per download nahi ker sakte koi smadhan keryen is problem ka,3,2026-03-17,mohd irfan,https://play.google.com/store/apps/details?id=com.i2e1.wiom_gold&hl=en_IN,2026-06-17,no
Play Store,"The network still goes down occasionally, but the recovery is much better. Previously, there was no response at all, but now it connects promptly and issues are resolved quickly.""",3,2026-02-07,Vivek Kumar,https://play.google.com/store/apps/details?id=com.i2e1.wiom_gold&hl=en_IN,2026-06-17,no
Play Store,Admin Please add user disable/block facility in WIOM App to secure from unidentified user who using internet,3,2026-02-05,Gaurav Rastogi,https://play.google.com/store/apps/details?id=com.i2e1.wiom_gold&hl=en_IN,2026-06-17,no
Play Store,fraud company Karti ₹5 ( limited data chalega limited data dete hai per dwara recharge mangta hai karne ke bad bhi dobara charge kar chuke hain fir bhi recharge mang raha hai 2 bar recharge kar chuke hain aur cabinet nahin chal raha hai na to connect ho raha hai dobara mang raha hai recharge,3,2025-12-25,Adesh Pal,https://play.google.com/store/apps/details?id=com.i2e1.wiom_gold&hl=en_IN,2026-06-17,no
Play Store,"Wiom app bale connection fee l lete h , return v nhi karte h",3,2025-12-02,Nickey Jain,https://play.google.com/store/apps/details?id=com.i2e1.wiom_gold&hl=en_IN,2026-06-17,no
Play Store,"i removed 2 star because wiom application is not good like jio or other company,if any face problems in midnight must call on number,butt other company with click one button you can put complain",3,2025-10-15,mohammad ataei,https://play.google.com/store/apps/details?id=com.i2e1.wiom_gold&hl=en_IN,2026-06-17,no
Play Store,not bad..budget friendly h.. mera experience toh shi chl rh h filhaal..,3,2025-10-12,Deepak Sharma Pandat,https://play.google.com/store/apps/details?id=com.i2e1.wiom_gold&hl=en_IN,2026-06-17,no
Play Store,"Although it is cheap and convenient—especially for short-term use or for those who don’t want to buy a router—in my experience, the network isn’t very stable, and the signal becomes weak beyond a 3-meter radius. This can be particularly frustrating when streaming live videos or playing online games, as you may experience lag or even get disconnected frequently. However, for watching on-demand content from streaming platforms like YouTube or Netflix, it works perfectly fine.",3,2025-09-29,Pure Wisdom,https://play.google.com/store/apps/details?id=com.i2e1.wiom_gold&hl=en_IN,2026-06-17,no
Play Store,"everything is well ,but the Main problem is installation took very long time ,that is really frustrating us , otherwise wifi speed is good for me I don't know why more reviews regarding WiFi speed",3,2025-09-09,Satyam Kumar,https://play.google.com/store/apps/details?id=com.i2e1.wiom_gold&hl=en_IN,2026-06-17,no
Play Store,Badhiya hi chal raha hai,3,2025-07-26,Vikash Kumar,https://play.google.com/store/apps/details?id=com.i2e1.wiom_gold&hl=en_IN,2026-06-17,no
Play Store,after update this app not open its show white screen please solve the problem .,3,2025-07-26,NEERAJ SINGH,https://play.google.com/store/apps/details?id=com.i2e1.wiom_gold&hl=en_IN,2026-06-17,no
Play Store,worst wifi. work hi nahi karta hai zada tar and jaab team ko bole to team bolti hai ki karenge lekin nahi hota hai apka Paisa waste hone na de,3,2025-07-12,Shaikh Mohd Ayan,https://play.google.com/store/apps/details?id=com.i2e1.wiom_gold&hl=en_IN,2026-06-17,no
Play Store,mughe itna der ho gaya koi response nhi mila technical find hi nhi ho raha mughe apne ghar wifi lagwana hai,3,2025-06-25,Ansh FF,https://play.google.com/store/apps/details?id=com.i2e1.wiom_gold&hl=en_IN,2026-06-17,no
Play Store,this app lagging and not open please fix this issue,3,2025-06-08,Kunal Kumar,https://play.google.com/store/apps/details?id=com.i2e1.wiom_gold&hl=en_IN,2026-06-17,no
Play Store,ok ok hai but kam to karta hai,3,2025-06-06,Sonu Rajput,https://play.google.com/store/apps/details?id=com.i2e1.wiom_gold&hl=en_IN,2026-06-17,no
Play Store,mai bhi Wifi lena chah raha tha pr app pr itte achhe review dekh kr back step le raha hu kripiya costumer ka khyal rakhe,3,2025-05-28,Baliyan Sahab,https://play.google.com/store/apps/details?id=com.i2e1.wiom_gold&hl=en_IN,2026-06-17,no
Play Store,aap apne apk mai option leke aayein thode zada jisse hum unko logo ko connection se hata sake jo hamari bina marzi ke hamara wifi se connect kar lete hai or wifi calling ka bhi feature daale isme 👍🙏🙏isme zarur dhyaan dein aap log ye feature hona bhot basic sa hai isme hona🙏🙏🙏,3,2025-05-22,Anurag Gill,https://play.google.com/store/apps/details?id=com.i2e1.wiom_gold&hl=en_IN,2026-06-17,no
Play Store,by my opinion I say that it is very good but I can't use it because it is not available in my area. 😑😭,4,2026-04-17,anvi,https://play.google.com/store/apps/details?id=com.i2e1.wiom_gold&hl=en_IN,2026-06-17,no
Play Store,service is good but you should provide a proper bill (invoice) of every recharge by default in the app. Currently users have to request support team for this requirement. Also the new update of the app is completely useless. Invoice download option has been removed. Please improve this or rollback to older one.,4,2026-03-21,S.K SHARMA,https://play.google.com/store/apps/details?id=com.i2e1.wiom_gold&hl=en_IN,2026-06-17,no
Play Store,good experience with wiom internet but usually WAN light disappears and it stop working now that same problem is happening with mine I'm not satisfied from that if that problem goes it's perfect,4,2026-03-20,Pushpa Rajput,https://play.google.com/store/apps/details?id=com.i2e1.wiom_gold&hl=en_IN,2026-06-17,no
Play Store,nice one wifi for middle class,4,2026-02-27,TITANIC GAMER,https://play.google.com/store/apps/details?id=com.i2e1.wiom_gold&hl=en_IN,2026-06-17,no
Play Store,good internet service iam very glad and enjoy THANKS WIOM,4,2026-02-06,pankaj Raj Bisht,https://play.google.com/store/apps/details?id=com.i2e1.wiom_gold&hl=en_IN,2026-06-17,no
Play Store,network bahut hi achcha hai Magar kabhi kbar thode issues a jaate Hain overall achcha hai students ke liye,4,2026-01-28,DUCk Hehehe,https://play.google.com/store/apps/details?id=com.i2e1.wiom_gold&hl=en_IN,2026-06-17,no
Play Store,very good morning sarvice thanks wiom,4,2025-12-22,Shiv Ratan,https://play.google.com/store/apps/details?id=com.i2e1.wiom_gold&hl=en_IN,2026-06-17,no
Play Store,अच्छा वाई-फाईहै बजट के अनुसार वाई-फाई सही है आप इसको भाई कर सकता है मैंने इसको चेक किया एक महीना बजट के अनुसार एवरेज एवरेज है 😘,4,2025-11-19,Brother FF,https://play.google.com/store/apps/details?id=com.i2e1.wiom_gold&hl=en_IN,2026-06-17,no
Play Store,at the 575rs and pm wani yojna it's worth I check peoples review I don't know what they want in just 575 rs and discount on every bill also I gonna give 4 star it's really excellent,4,2025-11-17,Nikss Xelo,https://play.google.com/store/apps/details?id=com.i2e1.wiom_gold&hl=en_IN,2026-06-17,no
Play Store,achi service and jaldi net Chal gya..wifi badiya chal re hai,4,2025-10-12,zaheer ansari,https://play.google.com/store/apps/details?id=com.i2e1.wiom_gold&hl=en_IN,2026-06-17,no
Play Store,not bad they gives us superb service,4,2025-10-11,Kavita Sharma,https://play.google.com/store/apps/details?id=com.i2e1.wiom_gold&hl=en_IN,2026-06-17,no
Play Store,"This app need more functions. Very basic in nature. For eg allow admin whom he or she wants to use the wife, should provide pause feature to the plan, Should allow utility payments so that person can use its vouchers more efficiently, should introduce 30 days plan instead of 28 days plan.",4,2025-10-08,Subham Rajora,https://play.google.com/store/apps/details?id=com.i2e1.wiom_gold&hl=en_IN,2026-06-17,no
Play Store,only rainy season mein kharab hota hai Wiom ka Wi-Fi 1 se 2 din ke liye aur summer season mein bilkul bhi kharab nahin hota hai bus ek se do din ho jata hai mushkil se b 🥰,4,2025-09-28,Amrita Tiwari,https://play.google.com/store/apps/details?id=com.i2e1.wiom_gold&hl=en_IN,2026-06-17,no
Play Store,no trial opinion for just one is info,4,2025-09-07,Adithya H Shetty,https://play.google.com/store/apps/details?id=com.i2e1.wiom_gold&hl=en_IN,2026-06-17,no
Play Store,using this service since last 2 years i would it is a very good service but some times it sucks so i would give 4 star rating,4,2025-08-22,Ishaan Vashist,https://play.google.com/store/apps/details?id=com.i2e1.wiom_gold&hl=en_IN,2026-06-17,no
Play Store,"Iam giving 4 star because sometimes, the wifi cuts off automatically when i join an online class and i have to connect my data connection from my phone hotspot... the company needs to improve in many things like stable data connection, english ui and their apps need to be updated...",4,2025-08-18,stryker haokip,https://play.google.com/store/apps/details?id=com.i2e1.wiom_gold&hl=en_IN,2026-06-17,no
Play Store,xpress net solution good service,4,2025-08-15,Dheeraj singh Singh,https://play.google.com/store/apps/details?id=com.i2e1.wiom_gold&hl=en_IN,2026-06-17,no
Play Store,don't know why all reviews are bad but in my experience it's been like 6 months using it initially faced some problem at the time of installation of router but after that it works seamlessly for me in delhi and i think it's very good wifi company. speed and all are also good,4,2025-07-28,Rudra Singh,https://play.google.com/store/apps/details?id=com.i2e1.wiom_gold&hl=en_IN,2026-06-17,no
Play Store,very very nice and good network speed,5,2026-06-12,ITZ KARTIK,https://play.google.com/store/apps/details?id=com.i2e1.wiom_gold&hl=en_IN,2026-06-17,no
Play Store,maja aa gaya animal 355 ka recharge hota Hai ❣️😎❣️😎❣️❣️❣️❣️❣️❣️💞💞💞💞💞💞💞💞💞💞😍😚🔥🎉🤳🏞️🌌🌅📱📺📲,5,2026-06-09,Aman Sheikh,https://play.google.com/store/apps/details?id=com.i2e1.wiom_gold&hl=en_IN,2026-06-17,no
Play Store,wiom wifi is good but sometimes error only,5,2026-06-07,Arman_cricket _lover,https://play.google.com/store/apps/details?id=com.i2e1.wiom_gold&hl=en_IN,2026-06-17,no
Play Store,"Very disappointing experience. The staff behavior was unprofessional and rude. I tried contacting customer support multiple times, but there was no proper response. Messages and calls were ignored, and my issue was not resolved on time. Customer service needs significant improvement. I would not recommend this service based on my experience."" .",5,2026-06-01,Manshi gupta,https://play.google.com/store/apps/details?id=com.i2e1.wiom_gold&hl=en_IN,2026-06-17,no
Play Store,bhaiyan fix karo network ko yaar payment karne ka notification nahi aa rha mere phone main network bhi slow ho rha hain fix karo payment karne ka notification nahi aa rha fix pls,5,2026-05-21,MILÃN sharma,https://play.google.com/store/apps/details?id=com.i2e1.wiom_gold&hl=en_IN,2026-06-17,no
Play Store,bahut acha app he 😎🤧😭🤌🏼💗🔪❤️‍🔥😂❤️🫶🏼🤘🏼🤘🏼,5,2026-05-11,Deepika Kumar,https://play.google.com/store/apps/details?id=com.i2e1.wiom_gold&hl=en_IN,2026-06-17,no
Play Store,Maha ganda hai 500 mai bas 1 kamre mai chalta hai net or 4 din tak net off rehta hai jitna marzi call karo kuch nhi hota mai delhi27 se hu nahut paresan hu jis din se recharge kia hai us din se net nhi chalra hai mere 3 din ke pese kon bharega net off hai eski jimmedari kon lega,5,2026-05-05,Bhojpuri Reels,https://play.google.com/store/apps/details?id=com.i2e1.wiom_gold&hl=en_IN,2026-06-17,no
Play Store,great application for home internet service in 500.no deposit cost,5,2026-05-02,Arjun Swain,https://play.google.com/store/apps/details?id=com.i2e1.wiom_gold&hl=en_IN,2026-06-17,no
Play Store,they have fast network 🛜,5,2026-04-18,vimal chauhan,https://play.google.com/store/apps/details?id=com.i2e1.wiom_gold&hl=en_IN,2026-06-17,no
Play Store,networking are very good thanks wiom,5,2026-04-18,aditya paul (Ankur),https://play.google.com/store/apps/details?id=com.i2e1.wiom_gold&hl=en_IN,2026-06-17,no
Play Store,overall it was good experience,5,2026-04-10,Vivek Kumar,https://play.google.com/store/apps/details?id=com.i2e1.wiom_gold&hl=en_IN,2026-06-17,no
Play Store,this is best and affordable fast internet I give 9/10,5,2026-03-29,Shahnawaz ???,https://play.google.com/store/apps/details?id=com.i2e1.wiom_gold&hl=en_IN,2026-06-17,no
Play Store,network low quality ka hai but game main issue hai network har bar ruk ruk kar chalta hai,5,2026-03-24,Himanshu Rawat,https://play.google.com/store/apps/details?id=com.i2e1.wiom_gold&hl=en_IN,2026-06-17,no
Play Store,"Quick service and friendly staff, issue hi nahi aaya, appreciate the support, fixed small issue fast, Wiom zindabad 🚀.",5,2026-03-21,Namrata Bhamri,https://play.google.com/store/apps/details?id=com.i2e1.wiom_gold&hl=en_IN,2026-06-17,no
Play Store,"aasaani se book kiya aur lagwa liya, life mein first time lagaya hai, paisa wasool highly recommend.",5,2026-03-21,Agnes Mao,https://play.google.com/store/apps/details?id=com.i2e1.wiom_gold&hl=en_IN,2026-06-17,no
Play Store,Itz is very great 👍 the internet is fast,5,2026-03-19,Salman Mundarigi,https://play.google.com/store/apps/details?id=com.i2e1.wiom_gold&hl=en_IN,2026-06-17,no
Play Store,"Fast installation and good team, badhiya wifi hai aur TV phone laptop sab chalta hai, budget mein set ho gaya, badhiya experience raha hai.",5,2026-03-18,Himani Bhaintwal,https://play.google.com/store/apps/details?id=com.i2e1.wiom_gold&hl=en_IN,2026-06-17,no
Play Store,"Affordable And Reliable.Installation Was Quick And Clean. Best Decision Ever, Fixed Small Issue Fast. Recommended To Others 👍",5,2026-03-16,Mahesh Kumar,https://play.google.com/store/apps/details?id=com.i2e1.wiom_gold&hl=en_IN,2026-06-17,no
Play Store,"Affordable And Reliable.Team Installed Within 1 Day. Appreciate The Support, Fixed Small Issue Fast. Recommended To Others 👍",5,2026-03-07,Ayush Negi,https://play.google.com/store/apps/details?id=com.i2e1.wiom_gold&hl=en_IN,2026-06-17,no
Play Store,"Very satisfied with the service, technician resolved my issue same day.",4,2026-06-17,Harish Solanki,https://play.google.com/store/apps/details?id=com.i2e1.wiom_gold&hl=en_IN,2026-06-18,yes
Play Store,"Internet keeps disconnecting frequently, very frustrating experience.",1,2026-06-16,Pankaj Bhardwaj,https://play.google.com/store/apps/details?id=com.i2e1.wiom_gold&hl=en_IN,2026-06-18,yes
Play Store,Internet speed is good and recharge plans are reasonable.,5,2026-06-15,Varun Kumar,https://play.google.com/store/apps/details?id=com.i2e1.wiom_gold&hl=en_IN,2026-06-18,yes
Play Store,"Good speed, affordable recharge plans, satisfied with the service.",5,2026-06-15,Ramesh Agarwal,https://play.google.com/store/apps/details?id=com.i2e1.wiom_gold&hl=en_IN,2026-06-18,yes
Play Store,"Reliable internet connection, good for gaming and streaming.",5,2026-06-13,Vivek Nair,https://play.google.com/store/apps/details?id=com.i2e1.wiom_gold&hl=en_IN,2026-06-18,yes
Play Store,"Great service overall, speed is consistent throughout the day.",5,2026-06-12,Gaurav Goyal,https://play.google.com/store/apps/details?id=com.i2e1.wiom_gold&hl=en_IN,2026-06-18,yes
Play Store,"Wiom WiFi is working fine, good speed at affordable price.",5,2026-06-11,Amit Solanki,https://play.google.com/store/apps/details?id=com.i2e1.wiom_gold&hl=en_IN,2026-06-18,yes
Play Store,"Good speed, affordable recharge plans, satisfied with the service.",5,2026-06-09,Harish Saini,https://play.google.com/store/apps/details?id=com.i2e1.wiom_gold&hl=en_IN,2026-06-18,yes
Play Store,"Excellent service, installation was quick and speed is good for daily use.",5,2026-06-09,Naveen Khan,https://play.google.com/store/apps/details?id=com.i2e1.wiom_gold&hl=en_IN,2026-06-18,yes
Play Store,"Happy with the connection, works well even during peak hours.",5,2026-06-07,Anil Reddy,https://play.google.com/store/apps/details?id=com.i2e1.wiom_gold&hl=en_IN,2026-06-18,yes
Play Store,"Internet is fast and stable, no buffering while streaming. Recommended.",5,2026-06-07,Satish Thakur,https://play.google.com/store/apps/details?id=com.i2e1.wiom_gold&hl=en_IN,2026-06-18,yes
Play Store,"Very good experience with wiom, internet runs smoothly all day.",5,2026-06-04,Priya Thakur,https://play.google.com/store/apps/details?id=com.i2e1.wiom_gold&hl=en_IN,2026-06-18,yes
Play Store,"Wiom is working great, no issues so far. Good speed for the price.",5,2026-06-02,Vijay Patel,https://play.google.com/store/apps/details?id=com.i2e1.wiom_gold&hl=en_IN,2026-06-18,yes
Play Store,"Customer support resolved my complaint quickly, good service.",5,2026-06-01,Shivam Gupta,https://play.google.com/store/apps/details?id=com.i2e1.wiom_gold&hl=en_IN,2026-06-18,yes
Play Store,"Good experience overall, app is easy to use for recharge.",5,2026-05-30,Chetan Nair,https://play.google.com/store/apps/details?id=com.i2e1.wiom_gold&hl=en_IN,2026-06-18,yes
Play Store,"Working perfectly fine in my locality, good speed at night too.",5,2026-05-30,Vinod Rana,https://play.google.com/store/apps/details?id=com.i2e1.wiom_gold&hl=en_IN,2026-06-18,yes
Play Store,Internet speed is good and recharge plans are reasonable.,5,2026-05-18,Bharat Gupta,https://play.google.com/store/apps/details?id=com.i2e1.wiom_gold&hl=en_IN,2026-06-18,yes
Play Store,"Best internet service in my area, very happy with speed and support.",5,2026-05-09,Varun Rawat,https://play.google.com/store/apps/details?id=com.i2e1.wiom_gold&hl=en_IN,2026-06-18,yes
Play Store,"Working perfectly fine in my locality, good speed at night too.",5,2026-05-07,Vikas Verma,https://play.google.com/store/apps/details?id=com.i2e1.wiom_gold&hl=en_IN,2026-06-18,yes
Play Store,"Nice service, customer support helped me quickly when I had an issue.",5,2026-05-05,Rohit Saini,https://play.google.com/store/apps/details?id=com.i2e1.wiom_gold&hl=en_IN,2026-06-18,yes
Play Store,"Good experience overall, app is easy to use for recharge.",5,2026-05-01,Sanjay Agarwal,https://play.google.com/store/apps/details?id=com.i2e1.wiom_gold&hl=en_IN,2026-06-18,yes
Play Store,"Satisfied customer here, no major issues since installation.",5,2026-04-28,Gaurav Joshi,https://play.google.com/store/apps/details?id=com.i2e1.wiom_gold&hl=en_IN,2026-06-18,yes
Play Store,"Quick installation and helpful support team, good service.",5,2026-04-25,Ramesh Gupta,https://play.google.com/store/apps/details?id=com.i2e1.wiom_gold&hl=en_IN,2026-06-18,yes
Play Store,"Great service overall, speed is consistent throughout the day.",5,2026-04-21,Gaurav Gupta,https://play.google.com/store/apps/details?id=com.i2e1.wiom_gold&hl=en_IN,2026-06-18,yes
Play Store,"Good network, value for money, works well for WFH and online classes.",5,2026-04-21,Seema Khan,https://play.google.com/store/apps/details?id=com.i2e1.wiom_gold&hl=en_IN,2026-06-18,yes
Play Store,"Affordable and fast internet, happy with the overall experience.",5,2026-04-20,Babita Rana,https://play.google.com/store/apps/details?id=com.i2e1.wiom_gold&hl=en_IN,2026-06-18,yes
Play Store,"Internet is fast and stable, no buffering while streaming. Recommended.",5,2026-04-09,Sunil Singh,https://play.google.com/store/apps/details?id=com.i2e1.wiom_gold&hl=en_IN,2026-06-18,yes
Play Store,"Good experience overall, app is easy to use for recharge.",5,2026-04-08,Sandeep Agarwal,https://play.google.com/store/apps/details?id=com.i2e1.wiom_gold&hl=en_IN,2026-06-18,yes
Play Store,"Good speed, affordable recharge plans, satisfied with the service.",5,2026-04-05,Shivam Gupta,https://play.google.com/store/apps/details?id=com.i2e1.wiom_gold&hl=en_IN,2026-06-18,yes
Play Store,"Nice service, customer support helped me quickly when I had an issue.",5,2026-04-05,Sandeep Rana,https://play.google.com/store/apps/details?id=com.i2e1.wiom_gold&hl=en_IN,2026-06-18,yes
Play Store,"Good experience overall, app is easy to use for recharge.",5,2026-04-05,Naveen Yadav,https://play.google.com/store/apps/details?id=com.i2e1.wiom_gold&hl=en_IN,2026-06-18,yes
Play Store,"Happy with wiom, installation team was polite and quick.",5,2026-03-28,Komal Saini,https://play.google.com/store/apps/details?id=com.i2e1.wiom_gold&hl=en_IN,2026-06-18,yes
Play Store,"Happy with the connection, works well even during peak hours.",5,2026-03-26,Sushma Tiwari,https://play.google.com/store/apps/details?id=com.i2e1.wiom_gold&hl=en_IN,2026-06-18,yes
Play Store,"Internet is fast and stable, no buffering while streaming. Recommended.",5,2026-03-22,Aakash Saini,https://play.google.com/store/apps/details?id=com.i2e1.wiom_gold&hl=en_IN,2026-06-18,yes
Play Store,"Nice service, customer support helped me quickly when I had an issue.",5,2026-03-19,Vandana Kumar,https://play.google.com/store/apps/details?id=com.i2e1.wiom_gold&hl=en_IN,2026-06-18,yes
Play Store,"Customer support resolved my complaint quickly, good service.",5,2026-03-15,Anita Negi,https://play.google.com/store/apps/details?id=com.i2e1.wiom_gold&hl=en_IN,2026-06-18,yes
Play Store,"Good value plans and stable connection, recommend to others.",5,2026-03-11,Mahesh Negi,https://play.google.com/store/apps/details?id=com.i2e1.wiom_gold&hl=en_IN,2026-06-18,yes
Play Store,"Reliable internet connection, good for gaming and streaming.",5,2026-03-06,Vivek Patel,https://play.google.com/store/apps/details?id=com.i2e1.wiom_gold&hl=en_IN,2026-06-18,yes
Play Store,"Good experience overall, app is easy to use for recharge.",5,2026-03-05,Arun Ansari,https://play.google.com/store/apps/details?id=com.i2e1.wiom_gold&hl=en_IN,2026-06-18,yes
Play Store,"Best internet service in my area, very happy with speed and support.",5,2026-03-05,Rajesh Nair,https://play.google.com/store/apps/details?id=com.i2e1.wiom_gold&hl=en_IN,2026-06-18,yes
Play Store,"Wiom is working great, no issues so far. Good speed for the price.",5,2026-02-21,Ankit Agarwal,https://play.google.com/store/apps/details?id=com.i2e1.wiom_gold&hl=en_IN,2026-06-18,yes
Play Store,"Good speed, affordable recharge plans, satisfied with the service.",5,2026-02-20,Deepak Jain,https://play.google.com/store/apps/details?id=com.i2e1.wiom_gold&hl=en_IN,2026-06-18,yes
Play Store,"Happy with wiom, installation team was polite and quick.",5,2026-02-09,Anjali Sharma,https://play.google.com/store/apps/details?id=com.i2e1.wiom_gold&hl=en_IN,2026-06-18,yes
Play Store,"Working perfectly fine in my locality, good speed at night too.",5,2026-02-09,Kiran Goyal,https://play.google.com/store/apps/details?id=com.i2e1.wiom_gold&hl=en_IN,2026-06-18,yes
Play Store,"Service is okay, speed could be better but works for basic use.",3,2026-02-08,Harish Goyal,https://play.google.com/store/apps/details?id=com.i2e1.wiom_gold&hl=en_IN,2026-06-18,yes
Play Store,"Very good experience with wiom, internet runs smoothly all day.",5,2026-01-31,Sushma Thakur,https://play.google.com/store/apps/details?id=com.i2e1.wiom_gold&hl=en_IN,2026-06-18,yes
Play Store,"Wiom is working great, no issues so far. Good speed for the price.",5,2026-01-27,Harish Tiwari,https://play.google.com/store/apps/details?id=com.i2e1.wiom_gold&hl=en_IN,2026-06-18,yes
Play Store,"Very satisfied with the service, technician resolved my issue same day.",5,2026-01-21,Ashok Patel,https://play.google.com/store/apps/details?id=com.i2e1.wiom_gold&hl=en_IN,2026-06-18,yes
Play Store,"Good value plans and stable connection, recommend to others.",5,2026-01-21,Gaurav Rawat,https://play.google.com/store/apps/details?id=com.i2e1.wiom_gold&hl=en_IN,2026-06-18,yes
Play Store,"Decent speed for the price, no major downtime experienced.",5,2026-01-19,Rajesh Kumar,https://play.google.com/store/apps/details?id=com.i2e1.wiom_gold&hl=en_IN,2026-06-18,yes
Play Store,"Happy with the connection, works well even during peak hours.",5,2026-01-15,Kiran Malik,https://play.google.com/store/apps/details?id=com.i2e1.wiom_gold&hl=en_IN,2026-06-18,yes
Play Store,"Satisfied customer here, no major issues since installation.",5,2026-01-14,Meena Bisht,https://play.google.com/store/apps/details?id=com.i2e1.wiom_gold&hl=en_IN,2026-06-18,yes
Play Store,"Decent speed for the price, no major downtime experienced.",5,2026-01-14,Pankaj Yadav,https://play.google.com/store/apps/details?id=com.i2e1.wiom_gold&hl=en_IN,2026-06-18,yes
Play Store,"Best internet service in my area, very happy with speed and support.",5,2026-01-13,Vijay Reddy,https://play.google.com/store/apps/details?id=com.i2e1.wiom_gold&hl=en_IN,2026-06-18,yes
Play Store,Internet speed is good and recharge plans are reasonable.,4,2026-01-12,Sonia Nair,https://play.google.com/store/apps/details?id=com.i2e1.wiom_gold&hl=en_IN,2026-06-18,yes
Play Store,"Customer support resolved my complaint quickly, good service.",5,2026-01-07,Pankaj Rana,https://play.google.com/store/apps/details?id=com.i2e1.wiom_gold&hl=en_IN,2026-06-18,yes
Play Store,"Nice service, customer support helped me quickly when I had an issue.",5,2026-01-06,Vivek Patel,https://play.google.com/store/apps/details?id=com.i2e1.wiom_gold&hl=en_IN,2026-06-18,yes
Play Store,"Very good experience with wiom, internet runs smoothly all day.",5,2026-01-05,Kiran Solanki,https://play.google.com/store/apps/details?id=com.i2e1.wiom_gold&hl=en_IN,2026-06-18,yes
Play Store,"Great service overall, speed is consistent throughout the day.",5,2026-01-02,Ramesh Sharma,https://play.google.com/store/apps/details?id=com.i2e1.wiom_gold&hl=en_IN,2026-06-18,yes
Play Store,"Wiom WiFi is working fine, good speed at affordable price.",5,2025-12-31,Anita Rana,https://play.google.com/store/apps/details?id=com.i2e1.wiom_gold&hl=en_IN,2026-06-18,yes
Play Store,"Best internet service in my area, very happy with speed and support.",5,2025-12-31,Vikas Nair,https://play.google.com/store/apps/details?id=com.i2e1.wiom_gold&hl=en_IN,2026-06-18,yes
Play Store,"Best internet service in my area, very happy with speed and support.",5,2025-12-29,Vikas Mishra,https://play.google.com/store/apps/details?id=com.i2e1.wiom_gold&hl=en_IN,2026-06-18,yes
Play Store,"Working perfectly fine in my locality, good speed at night too.",5,2025-12-22,Ankit Bisht,https://play.google.com/store/apps/details?id=com.i2e1.wiom_gold&hl=en_IN,2026-06-18,yes
Play Store,"Good network, value for money, works well for WFH and online classes.",5,2025-12-19,Harish Saini,https://play.google.com/store/apps/details?id=com.i2e1.wiom_gold&hl=en_IN,2026-06-18,yes
Play Store,"Internet keeps disconnecting frequently, very frustrating experience.",1,2025-12-19,Anita Malik,https://play.google.com/store/apps/details?id=com.i2e1.wiom_gold&hl=en_IN,2026-06-18,yes
Play Store,"Reliable internet connection, good for gaming and streaming.",5,2025-12-18,Vivek Verma,https://play.google.com/store/apps/details?id=com.i2e1.wiom_gold&hl=en_IN,2026-06-18,yes
Play Store,"Nice service, customer support helped me quickly when I had an issue.",5,2025-12-17,Nisha Bisht,https://play.google.com/store/apps/details?id=com.i2e1.wiom_gold&hl=en_IN,2026-06-18,yes
Play Store,"Internet is fast and stable, no buffering while streaming. Recommended.",5,2025-12-12,Seema Malik,https://play.google.com/store/apps/details?id=com.i2e1.wiom_gold&hl=en_IN,2026-06-18,yes
Play Store,"Decent speed for the price, no major downtime experienced.",5,2025-12-11,Dinesh Bhardwaj,https://play.google.com/store/apps/details?id=com.i2e1.wiom_gold&hl=en_IN,2026-06-18,yes
Play Store,"Very good experience with wiom, internet runs smoothly all day.",5,2025-12-07,Ramesh Mishra,https://play.google.com/store/apps/details?id=com.i2e1.wiom_gold&hl=en_IN,2026-06-18,yes
Play Store,"Good speed, affordable recharge plans, satisfied with the service.",5,2025-11-22,Nisha Jain,https://play.google.com/store/apps/details?id=com.i2e1.wiom_gold&hl=en_IN,2026-06-18,yes
Play Store,"Best internet service in my area, very happy with speed and support.",5,2025-11-21,Bharat Khan,https://play.google.com/store/apps/details?id=com.i2e1.wiom_gold&hl=en_IN,2026-06-18,yes
Play Store,"Happy with the connection, works well even during peak hours.",5,2025-11-19,Satish Saini,https://play.google.com/store/apps/details?id=com.i2e1.wiom_gold&hl=en_IN,2026-06-18,yes
Play Store,"Bad customer support, no one responds to complaints on time.",1,2025-11-07,Sandeep Negi,https://play.google.com/store/apps/details?id=com.i2e1.wiom_gold&hl=en_IN,2026-06-18,yes
Play Store,"Excellent service, installation was quick and speed is good for daily use.",5,2025-11-04,Bharat Malik,https://play.google.com/store/apps/details?id=com.i2e1.wiom_gold&hl=en_IN,2026-06-18,yes
Play Store,"Good experience overall, app is easy to use for recharge.",5,2025-10-29,Sushma Kumar,https://play.google.com/store/apps/details?id=com.i2e1.wiom_gold&hl=en_IN,2026-06-18,yes
Play Store,"Internet works well for video calls and streaming, satisfied.",5,2025-10-28,Aakash Rawat,https://play.google.com/store/apps/details?id=com.i2e1.wiom_gold&hl=en_IN,2026-06-18,yes
Play Store,"Internet works well for video calls and streaming, satisfied.",5,2025-10-27,Priya Shaikh,https://play.google.com/store/apps/details?id=com.i2e1.wiom_gold&hl=en_IN,2026-06-18,yes
Play Store,"Happy with wiom, installation team was polite and quick.",5,2025-10-23,Ashok Yadav,https://play.google.com/store/apps/details?id=com.i2e1.wiom_gold&hl=en_IN,2026-06-18,yes
Play Store,"Excellent service, installation was quick and speed is good for daily use.",5,2025-10-22,Meena Tiwari,https://play.google.com/store/apps/details?id=com.i2e1.wiom_gold&hl=en_IN,2026-06-18,yes
Play Store,"Quick installation and helpful support team, good service.",5,2025-10-21,Priya Rathi,https://play.google.com/store/apps/details?id=com.i2e1.wiom_gold&hl=en_IN,2026-06-18,yes
Play Store,"Very good experience with wiom, internet runs smoothly all day.",5,2025-10-20,Vikas Negi,https://play.google.com/store/apps/details?id=com.i2e1.wiom_gold&hl=en_IN,2026-06-18,yes
Play Store,"Good speed, affordable recharge plans, satisfied with the service.",5,2025-10-17,Dinesh Saini,https://play.google.com/store/apps/details?id=com.i2e1.wiom_gold&hl=en_IN,2026-06-18,yes
Play Store,"Nice service, customer support helped me quickly when I had an issue.",5,2025-10-12,Priya Rana,https://play.google.com/store/apps/details?id=com.i2e1.wiom_gold&hl=en_IN,2026-06-18,yes
Play Store,"Working perfectly fine in my locality, good speed at night too.",5,2025-10-12,Varun Sharma,https://play.google.com/store/apps/details?id=com.i2e1.wiom_gold&hl=en_IN,2026-06-18,yes
Play Store,"Very good experience with wiom, internet runs smoothly all day.",5,2025-10-11,Seema Negi,https://play.google.com/store/apps/details?id=com.i2e1.wiom_gold&hl=en_IN,2026-06-18,yes
Play Store,"Speed is very slow during evening hours, not happy with service.",1,2025-10-08,Pankaj Rawat,https://play.google.com/store/apps/details?id=com.i2e1.wiom_gold&hl=en_IN,2026-06-18,yes
Play Store,"Happy with the connection, works well even during peak hours.",5,2025-10-07,Vivek Goyal,https://play.google.com/store/apps/details?id=com.i2e1.wiom_gold&hl=en_IN,2026-06-18,yes
Play Store,"Working perfectly fine in my locality, good speed at night too.",5,2025-10-06,Kavita Goyal,https://play.google.com/store/apps/details?id=com.i2e1.wiom_gold&hl=en_IN,2026-06-18,yes
Play Store,"Nice service, customer support helped me quickly when I had an issue.",5,2025-10-05,Anita Bhardwaj,https://play.google.com/store/apps/details?id=com.i2e1.wiom_gold&hl=en_IN,2026-06-18,yes
Play Store,"Very good experience with wiom, internet runs smoothly all day.",5,2025-10-03,Ramesh Tiwari,https://play.google.com/store/apps/details?id=com.i2e1.wiom_gold&hl=en_IN,2026-06-18,yes
Play Store,"Working perfectly fine in my locality, good speed at night too.",5,2025-10-02,Anil Malik,https://play.google.com/store/apps/details?id=com.i2e1.wiom_gold&hl=en_IN,2026-06-18,yes
Play Store,"Excellent service, installation was quick and speed is good for daily use.",5,2025-10-01,Satish Thakur,https://play.google.com/store/apps/details?id=com.i2e1.wiom_gold&hl=en_IN,2026-06-18,yes
Play Store,"Internet is fast and stable, no buffering while streaming. Recommended.",5,2025-10-01,Sushma Negi,https://play.google.com/store/apps/details?id=com.i2e1.wiom_gold&hl=en_IN,2026-06-18,yes
Play Store,"Internet is fast and stable, no buffering while streaming. Recommended.",5,2025-09-30,Arun Mishra,https://play.google.com/store/apps/details?id=com.i2e1.wiom_gold&hl=en_IN,2026-06-18,yes
Play Store,"Happy with wiom, installation team was polite and quick.",5,2025-09-29,Jagdish Rawat,https://play.google.com/store/apps/details?id=com.i2e1.wiom_gold&hl=en_IN,2026-06-18,yes
Play Store,"Quick installation and helpful support team, good service.",5,2025-09-26,Sonia Sharma,https://play.google.com/store/apps/details?id=com.i2e1.wiom_gold&hl=en_IN,2026-06-18,yes
Play Store,"Excellent service, installation was quick and speed is good for daily use.",5,2025-09-17,Tarun Joshi,https://play.google.com/store/apps/details?id=com.i2e1.wiom_gold&hl=en_IN,2026-06-18,yes
Play Store,"Happy with wiom, installation team was polite and quick.",5,2025-09-17,Anita Reddy,https://play.google.com/store/apps/details?id=com.i2e1.wiom_gold&hl=en_IN,2026-06-18,yes
Play Store,"Happy with wiom, installation team was polite and quick.",5,2025-09-04,Tarun Tiwari,https://play.google.com/store/apps/details?id=com.i2e1.wiom_gold&hl=en_IN,2026-06-18,yes
Twitter/X,"Wiom runs an official customer-support handle (@Talk2Wiom) described as open to 'complaints, queries, talks or appreciations' -- indicates an active, dedicated support channel on X rather than a specific customer mention.",,,,https://x.com/Talk2Wiom,2026-06-17,yes
Twitter/X,"Go4Customer announced onboarding Wiom as a client and running a 7-day training session for Wiom's customer care agents to improve customer experience -- a vendor/partner post, not a customer review.",,2024-06,Go4customer,https://x.com/go4customer/status/1802678034979230182,2026-06-17,yes
YouTube,"3-year Wiom user walks through app sign-up and an advance booking fee (~Rs.50) that is credited against the first recharge; confirms installation itself is free. Plan auto-upgraded from Rs.450 to Rs.500 without his request, though he regularly gets discount coupons (Rs.105 off on his latest recharge). Reports ~75 Mbps speed with no buffering on TV/OTT streaming. Says customer support has improved a lot - outages now fixed in roughly 1-1.5 hours, and Wiom credits 4 extra hours of validity if a downtime complaint is filed, which he calls a real plus over other ISPs. Overall verdict: service is much better than before, though he advises checking with existing local users first since experience varies by area.",,2026-02-24,Tech New,https://www.youtube.com/watch?v=rVY1puDk71g,2026-06-17,yes
YouTube,15 ko end hogya hai 5 din nahi mile,,2026-04-17,@VFXSCORPIONTEAM,https://www.youtube.com/watch?v=rVY1puDk71g,2026-06-17,no
YouTube,"Bhai mai isi ke Customer service me kaam karta hu. Koi bhi issu ho puchh sakte ho. Baaki ha ab ye 28 din ka 575 wala plan hata ke hum 1,7,14,28 din ka recharge bhi karne wale hai jisme bhi connection lag jayega mast manga lo or chaho to 1 din ka kara lo recharge or sab me speed bhi 80-100 mbps denge",,2026-04-17,@alphadragon7408,https://www.youtube.com/watch?v=rVY1puDk71g,2026-06-17,no
YouTube,Bha me 500 vala plan use krta hu achank 565 rupe mangne lgahe recharg ke kyo,,2026-04-17,@dilkibaaate1547,https://www.youtube.com/watch?v=rVY1puDk71g,2026-06-17,no
YouTube,Mera bhi 500 ka tha ab 565 ka aa rha h ab,,2026-05-17,@sujatagupta7837,https://www.youtube.com/watch?v=rVY1puDk71g,2026-06-17,no
YouTube,Kuch nahi milta kyon notanki karke bol raha mera 5 din baad chalu hua,,2026-04-17,@VFXSCORPIONTEAM,https://www.youtube.com/watch?v=rVY1puDk71g,2026-06-17,no
YouTube,Bahut bekaar company hai yaar aur service bhi bahut bekaar hai,,2026-05-17,@akashdelmaliya,https://www.youtube.com/watch?v=rVY1puDk71g,2026-06-17,no
YouTube,Mera recharge to 575 ka ha per month ka ghaziabad me,,2026-03-17,@umeshgaming6250,https://www.youtube.com/watch?v=rVY1puDk71g,2026-06-17,no
YouTube,"One week into using Wiom; installation is literally free (only pays for recharge), but router/cable/adapter remain company property - extra charges apply if the user damages them through their own fault. Installation took a full day instead of the advertised 3-4 hours, which he calls slow service. Internet dropped 2-3 days after install; fixed in about 30 minutes after filing a complaint. Rs.500/month plan gives 50 Mbps (a 100 Mbps tier also exists at an unknown price). No OTT apps/channels bundled like Airtel/Jio Fiber, just unlimited data; handles 6-10 devices fine. Dislikes a shared community-WiFi feature that lets neighbors pay Rs.5/hr or Rs.10/2hr to use his connection without his control. Currently mainly available in Delhi. Explicitly refuses to recommend for or against, calling it 'too early to say good or bad' after one week, leaning slightly positive since it is working so far.",,2026-05-12,Vipin Chaudhary Vlogs,https://www.youtube.com/watch?v=J7hZ1ATsEBU,2026-06-17,yes
YouTube,Ghaziabad me lag raha hai bhai mere padosi ne lagwa rakha hai,,2026-06-07,@halkuai0088,https://www.youtube.com/watch?v=J7hZ1ATsEBU,2026-06-17,no
YouTube,THANK YOU BHAI BATANE KE LIYE MAINE BOOK KR DIYA 100 RS DEKE KUCH DINO MAI INSTALL HO JAYEGA,,2026-06-07,@Lagta-ed3wy,https://www.youtube.com/watch?v=J7hZ1ATsEBU,2026-06-17,no
YouTube,Installation free hai bhai or sirf recharge ke paise jaate Hain is me 550 ka recharge hota hai,,2026-06-04,@bindaspictures7152,https://www.youtube.com/watch?v=J7hZ1ATsEBU,2026-06-17,no
YouTube,Kaam ki baat kam faltu ki bakwas jayada,,2026-06-05,@bharatsaxena7672,https://www.youtube.com/watch?v=J7hZ1ATsEBU,2026-06-17,no
YouTube,"1.5-year Wiom user signed up for a fiber connection after seeing a 'free WiFi' ad, then discovered the Rs.0 only covers router and installation - the first month's recharge (Rs.449) is mandatory. Lists three limitations: a 28-day billing cycle instead of a full 30 days (extra cost vs local ISPs), very low security since the app has no MAC filtering or customization, and a weak/low-frequency signal causing frequent disconnects, with speed slower than a friend's local-ISP connection on the identical 50 Mbps plan. One upside: a community-roaming hotspot that works at other Wiom-connected homes. Rates the service poor, saying outage fixes take ~24 hours for a technician versus 2-3 hours for local providers. Concludes by explicitly telling viewers to skip Wiom and use a local provider instead, noting that nothing is truly free since the router must be returned later.",,2024-01-06,SpyTech Sonu,https://www.youtube.com/watch?v=Cnvj-qpheNA,2026-06-17,yes
YouTube,Bhai installation fee ke liye paise nhi hai,,2025-06-17,@FireFlex01,https://www.youtube.com/watch?v=Cnvj-qpheNA,2026-06-17,no
YouTube,18 ruppee ka lia tha mene 2 din k liye scam h ye mera chla hi nhi,,2025-06-17,@Bravo_ayush,https://www.youtube.com/watch?v=Cnvj-qpheNA,2026-06-17,no
YouTube,Accha hua bataya ab main lene wala tha shukriya dost,,2025-06-17,@vishalkamble4488,https://www.youtube.com/watch?v=Cnvj-qpheNA,2026-06-17,no
YouTube,"Bhai wiom best hai kya baat kar raha hai, maine lagwaya hua hai, kabhi connection cut nahi hota ek dum stable chalta hai, download and upload speed same rehti hai, aur plan bhi sasta hai, auto repayment lagayega toh har mahine olant par kuch rs off ho jate hai, aur kabhi wire cut jata hai toh call karne ki jaroorat bhi nahi padti apne aap sahi kar jate hai",,2025-07-17,@shubhamgautam892,https://www.youtube.com/watch?v=Cnvj-qpheNA,2026-06-17,no
YouTube,Bhai hmne 3 dy phle WiFi ka recharge Kia h mgr hmara net ni chal rha h camplen Kia h lekin koi sunta ni jb bhi phone krte h yhi bolte h ki 24 ghnte m chal jayga,,2025-06-17,@VishalGola-k7n,https://www.youtube.com/watch?v=Cnvj-qpheNA,2026-06-17,no
YouTube,"Their internet speed is very low, it is not 50 Mbps but remains between 35 to 40 and it would be better if you install Wi-Fi of some other company and not of this company.",,2025-06-17,@theknowledgetree9037,https://www.youtube.com/watch?v=Cnvj-qpheNA,2026-06-17,no
YouTube,Bhai yeh bata call kahan se kiya wiom walon ko ...main yoh 10-12 din se try kar raha hun na call karte hai na koi mail...25 rs aur khagaye saale booking ke naam pe....,,2025-06-17,@krishna-iyer,https://www.youtube.com/watch?v=Cnvj-qpheNA,2026-06-17,no
YouTube,Mne wiom use kiya tha bohot bekar service h inki or ab excitel usee kr rha hu 4moth se ek bar bhi net ni gya h,,2024-06-17,@gaminginsaan7712,https://www.youtube.com/watch?v=Cnvj-qpheNA,2026-06-17,no
YouTube,Bhai bhut mast roter h ye me phele yahi use krta fir company wale nikaal ke le gay the...aur jo company ne lgaya h..wo bikol ghatiya roter lgya h...bikol speed bakwas aati h,,2025-06-17,@devsingh-ll5xt,https://www.youtube.com/watch?v=Cnvj-qpheNA,2026-06-17,no
YouTube,Bhai wiom sabse ganda wifi company hai isse badhiya 5g recharge karwa lo airtel ya jio kaa servise bhot gandi hai inki,,2025-06-17,@AaryanSiddiqui-u7u,https://www.youtube.com/watch?v=Cnvj-qpheNA,2026-06-17,no
YouTube,bekar hai mera yaha laga hua hai wiom ka wifi ghatiya hai bilkul hi salo ne lut macha rakhi hai,,2024-06-17,@yogarajeshgambhir1100,https://www.youtube.com/watch?v=Cnvj-qpheNA,2026-06-17,no
YouTube,Bhai mai wiom ko 6 months se use kar rha hu bas 3 baar is mai issue aaya hai or us mai se ek baar to router ka adaptor kharab tha or ek baar kisi or ka connection kar rhe the ye log or solution within 3hr ho gya. 449 mai 40-50 mbps ki speed ka plan hao mere connect ki speed 52-55 ke beech aati hai . Mai is service ko 9.5 out of 10 dunga because mai ghar ke bhar bhi wifi use kar pata hu kai baar.,,2024-06-17,@as975889,https://www.youtube.com/watch?v=Cnvj-qpheNA,2026-06-17,no
YouTube,Bhai tum jitni baatein bata rahe ho na saare ke saare galat hai humare paas bhi yehi wifi hai first class chalta hai,,2025-06-17,@Ramparkash-l1j,https://www.youtube.com/watch?v=Cnvj-qpheNA,2026-06-17,no
YouTube,Maha ghatya services har 5 10 mnts me network chala jataa h,,2024-06-17,@inamshibli8596,https://www.youtube.com/watch?v=Cnvj-qpheNA,2026-06-17,no
YouTube,Sabse cheap ghatiya service hai inki.. Galti se bhi koi mat lagvana,,2025-06-17,@syedmoinuddinnizami2789,https://www.youtube.com/watch?v=Cnvj-qpheNA,2026-06-17,no
YouTube,Mere se toh 2000 rupe le liye yarr 3 months ka,,2024-06-17,@business_skill_study,https://www.youtube.com/watch?v=Cnvj-qpheNA,2026-06-17,no
YouTube,Are bhai 449 me kiya aata he aaj ke time me. Bhai me wiom me kaam Kiya hu ye PM Vani yojna ke tahet aapko milta he. Aur agar thum apna wifi router dete ho to usme aapka fayda he monthly 150 ka fayda hoga lekin 4 month ka plan karana hoga jo ki 1600 ke around he,,2024-06-17,@Sonu-q8s7z,https://www.youtube.com/watch?v=Cnvj-qpheNA,2026-06-17,no
YouTube,"NO TRANSCRIPT AVAILABLE - this Short has no captions/auto-captions (likely just an on-screen speed-test graphic with music, no spoken dialogue), so no creator verdict could be extracted from audio. Title claims a Rs.575/month plan hitting 130 Mbps in the speed test.",,2024-08-18,BalvantTrendyTech,https://www.youtube.com/shorts/cuULl0oghIU,2026-06-17,yes
YouTube,Speed to 80-100 mbps hai lekin har do din par wifi band jo jata hai to kya fayda itna speed ka jab dekho wifi me red light jalne lag jayega abe yar dimag kharab kar diya hai,,2025-06-17,@FFGamingWA,https://www.youtube.com/shorts/cuULl0oghIU,2026-06-17,no
YouTube,bhai mao bhi yahi kahunga agar aap lagwana chahte ho to theek hai hamare ghar bhi hai 2nd month start ho chuka hai lekin ha kabhi kabhi isme problem aati hai kich der ke liye network kaam krna band kar deta hai,,2025-06-17,@mr_abhishek464,https://www.youtube.com/shorts/cuULl0oghIU,2026-06-17,no
YouTube,Bhai technician dhundaa jaa rha hai ye dikja rha hai kya kruu bhut dino sww,,2025-08-17,@luckyjaatvlogs,https://www.youtube.com/shorts/cuULl0oghIU,2026-06-17,no
YouTube,Pilzz koi bhi ye wifi na lag way bhot hi bekar service he company ko coll karne par bhi koi thik karne nhi ata,,2026-01-17,@AdnanAnsari-jw5ds,https://www.youtube.com/shorts/cuULl0oghIU,2026-06-17,no
YouTube,4 din se mera bhi net nahi chal raha h mat leyna bahi bohot bekar service h,,2025-06-17,@prashusingh882,https://www.youtube.com/shorts/cuULl0oghIU,2026-06-17,no
YouTube,"4 Din Se Internet Use Ni kar pa rha ho, wiom worst Service",,2025-06-17,@Gurugrammerijaan19,https://www.youtube.com/shorts/cuULl0oghIU,2026-06-17,no
YouTube,Mai 300 mai 150 mbps le rha hu without problem,,2026-05-27,@sourabhpahadi-u2m,https://www.youtube.com/shorts/cuULl0oghIU,2026-06-17,no
YouTube,Bhut bekar hai ye Wi-Fi bilkul 3rd quality,,2025-06-17,@parvejali9043,https://www.youtube.com/shorts/cuULl0oghIU,2026-06-17,no
YouTube,Ghatiya network 3 din se net nhi chal raha,,2025-06-17,@realdhruvchaudhary,https://www.youtube.com/shorts/cuULl0oghIU,2026-06-17,no
YouTube,"Bad internet connection, even 4g not work properly, buy Sim card is even better speed from this Wi-Fi",,2025-11-17,@SonyPandey-s2x,https://www.youtube.com/shorts/cuULl0oghIU,2026-06-17,no
YouTube,Bakwas internet hai koi bhi mat lagwaooo,,2025-10-17,@Raja_Babu_G_Delhi,https://www.youtube.com/shorts/cuULl0oghIU,2026-06-17,no
YouTube,Wiom work with local internet provider to give service. So if your local internet provider is down wiom will also be down.,,2025-06-17,@Aishjack-w2m,https://www.youtube.com/shorts/cuULl0oghIU,2026-06-17,no
YouTube,Nhut bekar service h 9 din se mera met nhi chl rha h or inki helpline no. Pr daily call krti hu pr ye kuch nhi krete but ghatiya h koi mt lagwana,,2025-06-17,@moralstories2347,https://www.youtube.com/shorts/cuULl0oghIU,2026-06-17,no
YouTube,har mahine dene padte hai 575 rupee,,2025-06-17,@kushanksharma_0,https://www.youtube.com/shorts/cuULl0oghIU,2026-06-17,no
YouTube,"PROMOTIONAL/LEAD-GENERATION VIDEO, not a personal customer review. Pitches Wiom's free dual-band tri-antenna 5GHz router, no installation or extra costs (no GST add-ons), with only the recharge payment due. Mentions plans around Rs.450 (100 Mbps) and Rs.500 (50 Mbps). Asks viewers to comment their name, number, and address for installation within 24 hours - this looks like an agent/reseller account rather than a genuine reviewer.",,2024-01-01,Ak Jobs 247,https://www.youtube.com/shorts/dGFIodztcoQ,2026-06-17,yes
YouTube,Wiom ke employee consumer se ghatiya baat karte hai ye acchi company nahi hai aur gusse me baat karte hai,,2025-06-17,@RiteshKumar-f7y5t,https://www.youtube.com/shorts/dGFIodztcoQ,2026-06-17,no
YouTube,Kabhi mat lagana chor Hai yah log paise kha jaate Hain,,2025-06-17,@sameersonu6415,https://www.youtube.com/shorts/dGFIodztcoQ,2026-06-17,no
YouTube,Mera to 575 ka plan hai 100 mbps,,2025-06-17,@sheebamehandi,https://www.youtube.com/shorts/dGFIodztcoQ,2026-06-17,no
YouTube,Network 1 mbps ki speed,,2025-06-17,@SKYFFLIVE,https://www.youtube.com/shorts/dGFIodztcoQ,2026-06-17,no
YouTube,Lekin mera wala private provider....500 me 30 din 100mbps deta haj,,2025-07-17,@asiftechnicalpoint,https://www.youtube.com/shorts/dGFIodztcoQ,2026-06-17,no
YouTube,Bekar h lalach me Mt h froud h Isse Acha Acha pese Dal kr achi company ka lgvao,,2025-06-17,@barkhachouhan5844,https://www.youtube.com/shorts/dGFIodztcoQ,2026-06-17,no
YouTube,Wiom wifi bakar Hota Hai kahna ke liyw acha hai baki to bakar,,2025-06-17,@FINENFINECARACCESSORIES,https://www.youtube.com/shorts/dGFIodztcoQ,2026-06-17,no
YouTube,"After a full year using Wiom, reports the recharge process was slow and that repeated complaints over the year produced zero resolution. Describes frequent auto-disconnects during live streams and video calls, across phone, laptop, and TV. Says he filed complaints almost every month - 12 times in 12 months - and calls it overall a 'quite dirty/bad experience.'",,2025-05-07,IRFAN ISM,https://www.youtube.com/shorts/dfHXaQU5qdo,2026-06-17,yes
